0.998508675,0.997344341,0.995080386,1.006076421,0.99178178,0.991587639,0.996503489,1.00161331,1.002324905
0.994886415,0.993333885,0.990746702,1.00342444,0.987965294,0.986283336,0.991652182,0.997473598,0.998185107
0.991846323,0.990229334,0.987382957,1.001225454,0.984666348,0.982208507,0.988676718,0.994368706,0.995080216
0.989323514,0.988094636,0.984666433,0.999026213,0.982014537,0.978844932,0.985830852,0.992040294,0.992816601
0.987189157,0.986154165,0.982208678,0.997667568,0.979750582,0.975869553,0.983243414,0.989970395,0.990552562
0.985313228,0.984666433,0.980009266,0.995921067,0.977745397,0.973411628,0.981108802,0.988288607,0.988676718
0.983566812,0.982920017,0.978198137,0.994174736,0.975740041,0.971018331,0.979039073,0.986542191,0.986800875
0.981885195,0.981302943,0.976257835,0.992687089,0.973864453,0.96881892,0.977098601,0.985119258,0.985378112
0.980332749,0.979880009,0.974381651,0.992040208,0.972312263,0.966619849,0.974963903,0.983502184,0.983502013
0.978780304,0.97852162,0.972829546,0.990682159,0.970630305,0.964485322,0.973152689,0.98207908,0.981820566
0.977421829,0.977098686,0.971212472,0.989064745,0.96907786,0.962480307,0.971470901,0.980914661,0.980332749
0.976063609,0.975675413,0.96972474,0.987706695,0.967590128,0.960733891,0.969659771,0.979621155,0.978844932
0.97489936,0.974640761,0.968301637,0.986412764,0.966166939,0.958922676,0.968042697,0.978327394,0.978003911
0.973670227,0.973282286,0.966878619,0.985119173,0.964614749,0.957046918,0.966490592,0.977098601,0.976581063
0.972376636,0.97244135,0.965326173,0.983955009,0.963321073,0.955235873,0.96480889,0.975869553,0.975158044
0.971341644,0.971341814,0.96409721,0.982790589,0.962027482,0.953683172,0.963450159,0.975028702,0.974058679
0.970306822,0.970048138,0.962933046,0.981561712,0.960798519,0.95219561,0.962286166,0.973864198,0.972764747
0.969271915,0.969013146,0.961639115,0.980656062,0.959504928,0.950643505,0.960345694,0.972958888,0.971535785
0.968107581,0.968042868,0.960474866,0.97962107,0.958405393,0.948961547,0.958987304,0.972052983,0.970048138
0.967137388,0.96771947,0.959310702,0.978521534,0.957111291,0.947538359,0.957693713,0.971147759,0.968819261
0.966037852,0.966878704,0.958275965,0.977680683,0.956076809,0.946050882,0.956270695,0.970306993,0.967590213
0.965261715,0.965843626,0.957176345,0.976969259,0.955106616,0.944757121,0.955106446,0.969465716,0.966490507
0.964161839,0.964808805,0.956206066,0.975998981,0.954071368,0.943398901,0.953877398,0.968495778,0.96526163
0.963256274,0.964032497,0.955171159,0.97535227,0.953165974,0.942040341,0.953165889,0.967590128,0.964550035
0.962350965,0.96299759,0.954200966,0.97444645,0.952130897,0.940811634,0.951872127,0.966749191,0.963709269
0.961509773,0.962156739,0.953295316,0.973605769,0.950966988,0.939517873,0.950708049,0.966037512,0.962739076
0.960604463,0.961445315,0.952389751,0.972570862,0.950061338,0.93828891,0.949737941,0.965261715,0.961962768
0.959893039,0.960669092,0.951613528,0.971665212,0.949090975,0.937059692,0.948573436,0.96455012,0.961057118
0.959116817,0.960022211,0.950708049,0.970306822,0.948314667,0.935895528,0.947667786,0.963903495,0.960345609
0.958211081,0.959310702,0.949931656,0.969918711,0.947473901,0.934860536,0.946438994,0.963126932,0.959569471
0.957499657,0.958793334,0.949155603,0.969013231,0.946762391,0.933825714,0.945533259,0.962674192,0.958663821
0.956594093,0.957823311,0.94818541,0.967913525,0.945792368,0.932661465,0.944498181,0.961833341,0.957693883
0.955882498,0.957046832,0.947409102,0.967137388,0.944951091,0.931561845,0.943463445,0.96118663,0.95691749
0.955106275,0.95646458,0.946697678,0.966684648,0.944174869,0.930527023,0.942687222,0.960604208,0.956529379
0.95445948,0.955882583,0.945986169,0.966102311,0.943528414,0.929621458,0.941846371,0.960022381,0.956076724
0.953683427,0.955106361,0.94527466,0.965390801,0.942687477,0.92865118,0.94119966,0.959569471,0.955365045
0.953036632,0.954588907,0.94456315,0.964808805,0.941975798,0.9277457,0.94029401,0.958987389,0.954847591
0.952389751,0.954071539,0.944045612,0.964161839,0.941329088,0.926840135,0.939453585,0.958469851,0.954071454
0.951742956,0.953359944,0.943398816,0.963515128,0.940617408,0.925805313,0.938612478,0.957887769,0.953295146
0.95109599,0.952777607,0.942752021,0.962803619,0.940099955,0.92502892,0.937836,0.957370315,0.952519093
0.950449194,0.952260409,0.942169939,0.962027311,0.939388701,0.923994184,0.937253833,0.956917405,0.952066268
0.949867112,0.951807499,0.941523058,0.961445315,0.93874148,0.923282504,0.936801178,0.956400037,0.951354759
0.949478916,0.951613614,0.941070318,0.960669092,0.938224196,0.922506366,0.936089584,0.955882668,0.950901934
0.948961547,0.950902104,0.94055278,0.959957583,0.937641944,0.921794857,0.935442788,0.955429758,0.950384566
0.94837938,0.950449024,0.93984127,0.959375416,0.93693052,0.921083178,0.934666651,0.954977018,0.949802484
0.947797213,0.949996454,0.939323732,0.958663906,0.936542494,0.92030704,0.93401977,0.954524108,0.949414287
0.947344473,0.949479001,0.938806449,0.958146538,0.9358309,0.919530903,0.933243547,0.954201051,0.948896834
0.94682702,0.948961718,0.938418252,0.957693628,0.935378245,0.91875468,0.932790807,0.953748141,0.948379466
0.946309481,0.948508722,0.937900884,0.957046918,0.934795993,0.918043,0.932079468,0.953295231,0.9479263
0.945856827,0.947991269,0.937254088,0.956335408,0.934149282,0.917202405,0.931367704,0.952842491,0.947344303
0.945274574,0.947409102,0.93673655,0.955753156,0.933761086,0.916620067,0.930914964,0.95245438,0.946697678
0.944951091,0.947020905,0.936283639,0.955235703,0.933178834,0.91584393,0.930268254,0.95219561,0.946503622
0.944498352,0.946503537,0.935895613,0.954588992,0.932790722,0.915261762,0.929879972,0.951807414,0.946115426
0.943980983,0.946115341,0.935248818,0.95400691,0.93220864,0.914679681,0.929104005,0.951290216,0.945662686
0.943592957,0.945598057,0.934796078,0.9533602,0.931691272,0.914097513,0.928780522,0.95083705,0.945080519
0.943140047,0.945209776,0.934343253,0.952971833,0.93110902,0.913256662,0.928392495,0.950255139,0.942881278
0.942816564,0.944886548,0.933955312,0.952389666,0.93110919,0.91267458,0.927810243,0.950126052,0.944174954
0.942299196,0.944433723,0.933437688,0.951872127,0.930332712,0.911898272,0.927098649,0.949802484,0.943851386
0.941975713,0.943980898,0.933049747,0.951354844,0.929879972,0.91131602,0.926775421,0.94928503,0.943398816
0.941458344,0.9436575,0.932596666,0.95064325,0.929492031,0.910798652,0.926192999,0.949026602,0.94301062
0.941134862,0.943204761,0.932273439,0.950061168,0.928909864,0.910022514,0.925481745,0.948573436,0.942557965
0.940746835,0.942752106,0.931820444,0.949543629,0.928521838,0.909569689,0.925028665,0.948314752,0.942169768
0.940423267,0.942428623,0.931367789,0.948897004,0.928004214,0.908922809,0.924446838,0.947991354,0.941717029
0.940035156,0.942040256,0.931044391,0.94837938,0.927745274,0.908405185,0.924058471,0.947667956,0.941264204
0.939647215,0.941716858,0.930397596,0.947861842,0.927163533,0.907887902,0.923411846,0.94727976,0.940811464
0.939259103,0.941328917,0.930138826,0.947215046,0.926710538,0.90730582,0.923023564,0.946891734,0.94055278
0.938871077,0.941005605,0.929686001,0.946826935,0.926322341,0.906723653,0.922635623,0.946568336,0.940294095
0.938612138,0.940617493,0.929362689,0.94637411,0.925869686,0.906076857,0.92211817,0.946374365,0.939905984
0.938159313,0.940164839,0.928845065,0.945727399,0.92548166,0.905494605,0.921600972,0.945985998,0.939711928
0.937836085,0.93984127,0.928457039,0.945209946,0.924964036,0.90504178,0.921018549,0.945662771,0.939258933
0.937448059,0.939582501,0.928133726,0.944821835,0.92457618,0.904524411,0.92056581,0.945274745,0.93893562
0.937124576,0.939259274,0.927680901,0.944368924,0.924058897,0.904006788,0.920177783,0.945145317,0.938612308
0.936671751,0.938871162,0.927292875,0.943980983,0.923670871,0.903554218,0.919724873,0.944821749,0.93828908
0.936348438,0.938482966,0.927034106,0.943528158,0.92321779,0.902972051,0.919336847,0.94456315,0.937965597
0.935895528,0.938030311,0.926581281,0.942816734,0.922765221,0.902454427,0.918883937,0.944239667,0.937642029
0.935636844,0.937900884,0.926128456,0.942363739,0.922376513,0.902066486,0.918366568,0.943851726,0.937189204
0.935248903,0.937447889,0.925804973,0.941975968,0.921988828,0.901548948,0.917913743,0.9436575,0.936865892
0.934860877,0.937253918,0.925481745,0.941522973,0.921600716,0.900902237,0.917525377,0.943592957,0.936671751
0.934602022,0.936865807,0.925158262,0.941135032,0.92121252,0.900514211,0.917137521,0.943140132,0.936218926
0.934149197,0.936542494,0.92483512,0.940682122,0.920824409,0.900449327,0.916684866,0.942816734,0.935960327
0.933825799,0.936154212,0.924446583,0.940228956,0.920436127,0.899543933,0.916231871,0.942428623,0.935636929
0.933502402,0.93583107,0.92412327,0.939776557,0.920112899,0.899155991,0.915779301,0.942169683,0.93537816
0.933178834,0.935572215,0.923864671,0.939453159,0.91966016,0.898573569,0.915391105,0.941911169,0.934989963
0.932855351,0.935378245,0.923411846,0.939129761,0.919272133,0.898056201,0.914809108,0.941652485,0.934860706
0.932467324,0.934990048,0.923088363,0.938677021,0.918819308,0.897797516,0.914421082,0.941264289,0.934407966
0.93220864,0.934537223,0.922829679,0.938159313,0.918366654,0.897215179,0.91448554,0.941070233,0.934084654
0.931820529,0.934278454,0.922441738,0.937965172,0.917913829,0.896956495,0.913968086,0.940811379,0.933761086
0.931432588,0.933955141,0.922053371,0.937512687,0.917525632,0.896309614,0.91358006,0.940488066,0.93356703
0.931173818,0.933696457,0.921794602,0.937124491,0.917202405,0.895986216,0.913127065,0.940164583,0.933114205
0.930914964,0.933373145,0.921471289,0.936671751,0.916814123,0.895404134,0.912739209,0.939841185,0.932855521
0.930527108,0.93311429,0.921083178,0.936283725,0.916490725,0.895145535,0.912286384,0.939582416,0.932402781
0.930138826,0.932855521,0.920824494,0.935895613,0.916102614,0.894757339,0.912221585,0.93938836,0.932338153
0.929880057,0.93266138,0.920371669,0.935442788,0.915714587,0.894304344,0.912092243,0.939064963,0.93201467
0.929491946,0.932402781,0.920048271,0.935377989,0.915391105,0.893722347,0.911768845,0.938870737,0.9317559
0.929233347,0.932079213,0.919789502,0.934860621,0.915067622,0.893657633,0.911445447,0.938612308,0.931432332
0.928909864,0.931755986,0.919466274,0.934601852,0.914679595,0.892881496,0.91112205,0.938353539,0.931238277
0.92865118,0.931496961,0.91920776,0.934278539,0.914291484,0.892557928,0.910604596,0.938223941,0.930979848
0.928327697,0.931173818,0.918948736,0.933954971,0.913968171,0.892105273,0.910539797,0.937900799,0.930591566
0.928069098,0.930850336,0.918560624,0.933502402,0.913450888,0.89178162,0.910087398,0.937577316,0.930462394
0.927745615,0.930526938,0.918237311,0.933114205,0.913256747,0.891329135,0.90976366,0.937318546,0.930074113
0.927422132,0.930332967,0.917913743,0.932920149,0.912933094,0.891070536,0.909504976,0.937060033,0.929686001
0.927163277,0.930074198,0.917590516,0.932531953,0.912480525,0.890682255,0.909116949,0.936865892,0.929556744
0.92683988,0.929815258,0.917266863,0.932273694,0.91222167,0.890294228,0.908728838,0.936606952,0.929427402
0.926581281,0.929621458,0.916943465,0.931820529,0.911833388,0.890100173,0.90840544,0.936348353,0.929233262
0.926322511,0.929362604,0.916684611,0.931497131,0.911639673,0.889712061,0.908082128,0.936154468,0.928845065
0.925999199,0.929039206,0.916361468,0.931238532,0.91131619,0.889259321,0.907823358,0.935960242,0.928780777
0.925675545,0.928845065,0.915973272,0.930785707,0.911057421,0.889000552,0.90749979,0.935636844,0.928457039
0.925416861,0.928586211,0.915779216,0.930397425,0.910539883,0.888547812,0.907370618,0.935378075,0.928198355
0.925158262,0.928327782,0.915455903,0.930138826,0.910345827,0.888289128,0.906917793,0.935313446,0.927939756
0.924964121,0.928069013,0.915197219,0.929750715,0.910022514,0.887900931,0.906723567,0.93492525,0.927680986
0.92457618,0.927810158,0.914744394,0.929297975,0.909763745,0.887577449,0.906270998,0.934731194,0.927357503
0.924317411,0.927551474,0.914485625,0.928909779,0.909440262,0.887318764,0.906012058,0.93447285,0.927098904
0.923994013,0.927292875,0.914291654,0.928780437,0.909052151,0.886995452,0.905688916,0.934278624,0.92684005
0.92367053,0.926904763,0.913903458,0.92839224,0.908728838,0.886542456,0.905559148,0.93401977,0.926516822
0.92347656,0.926775421,0.913644774,0.928004554,0.90840544,0.886154515,0.905171292,0.933761086,0.926257883
0.923217705,0.926516567,0.913386089,0.92774553,0.908017244,0.885831288,0.904783351,0.933631573,0.926128541
0.922959021,0.926257968,0.912997893,0.92729279,0.907758559,0.885572263,0.904395155,0.933308176,0.925805058
0.922700337,0.925998858,0.912739124,0.926904934,0.907499875,0.885184322,0.904201099,0.933114375,0.925611172
0.922441568,0.925740344,0.912480354,0.926775166,0.907111764,0.884860839,0.903942244,0.932855436,0.925287519
0.922118085,0.925546203,0.912092243,0.926645994,0.90685308,0.884537441,0.903619017,0.932661636,0.924964207
0.921859571,0.925287604,0.911898443,0.926322341,0.906464798,0.884214214,0.903295449,0.93246758,0.924705437
0.921535918,0.92502892,0.911574789,0.925999113,0.906141571,0.883890646,0.903166447,0.932208725,0.924511467
0.921342032,0.924770151,0.911316105,0.925675716,0.905818088,0.883502364,0.903101478,0.93201467,0.924187984
0.921083263,0.924640894,0.910927994,0.925352148,0.905753289,0.883243935,0.902648738,0.931820699,0.923864501
0.920759865,0.924511467,0.910734023,0.925158433,0.905300549,0.882985166,0.902325256,0.931626643,0.923735244
0.920630523,0.924058557,0.910475254,0.924640809,0.905106493,0.882661854,0.902066571,0.931432503,0.923411846
0.920242327,0.923799872,0.910087058,0.924446668,0.904718552,0.882402829,0.901807632,0.931173818,0.92321762
0.920048356,0.923541359,0.909828459,0.924187984,0.904330356,0.882144315,0.901678375,0.930979678,0.923282419
0.91966033,0.923347047,0.909569689,0.9239293,0.904201099,0.881756204,0.901290263,0.930720908,0.922959191
0.919465934,0.923088448,0.909246206,0.923605902,0.903942244,0.881432806,0.901096208,0.930591396,0.922765136
0.919272048,0.922894478,0.908922809,0.923282419,0.903618932,0.881044694,0.900708096,0.930332797,0.922376769
0.919013279,0.922570569,0.908599666,0.923153162,0.903295534,0.880656668,0.900449497,0.93020354,0.922053541
0.918690137,0.922376854,0.908340812,0.922894478,0.90323082,0.880333015,0.900190728,0.929944515,0.921859315
0.918431282,0.922182884,0.908146671,0.922700252,0.902842624,0.880203673,0.899931959,0.92975063,0.92166543
0.918172513,0.922053541,0.907888157,0.922247597,0.902583599,0.880009702,0.899673019,0.929491946,0.921406661
0.918107714,0.921665345,0.907500046,0.922053541,0.902260457,0.879621506,0.899285248,0.92929789,0.921147806
0.917719773,0.921471374,0.907305905,0.921794602,0.901937144,0.879492249,0.899156077,0.929233176,0.920889122
0.917525802,0.921277234,0.906982337,0.921471289,0.90167846,0.879168851,0.89896168,0.928909949,0.920630523
0.917331917,0.921018464,0.906788366,0.921083178,0.901484234,0.878845368,0.898702996,0.928780607,0.920371584
0.917008349,0.92075995,0.906594055,0.920824494,0.901161007,0.878586854,0.898314629,0.928586466,0.920112985
0.916684696,0.920501181,0.906206199,0.920501266,0.900902152,0.878327915,0.898120744,0.928262983,0.919983642
0.916555694,0.920436467,0.9059476,0.920242497,0.900578839,0.878133859,0.89805603,0.928133556,0.919724788
0.916296669,0.920177698,0.905624117,0.919918929,0.900319985,0.877939718,0.897668259,0.927810158,0.919530647
0.916037985,0.919918844,0.90549469,0.919595531,0.899996672,0.877551777,0.897409405,0.927680986,0.919336762
0.915779216,0.919660074,0.905236006,0.919401475,0.899802276,0.877228294,0.897085837,0.927551729,0.919595361
0.91558516,0.919531073,0.904977066,0.919078163,0.899544018,0.877034153,0.89695641,0.927292705,0.918819138
0.915326476,0.919272048,0.904718552,0.918625423,0.89922045,0.876904811,0.896697811,0.927034191,0.918625423
0.915067792,0.919077992,0.904459698,0.918625253,0.899026479,0.876387273,0.896439127,0.92683988,0.918431197
0.914744479,0.91875451,0.904330356,0.918431197,0.898767539,0.876258016,0.8960511,0.926645654,0.918172513
0.914420826,0.918625338,0.904071672,0.918043,0.898573569,0.875740562,0.895856959,0.92638714,0.917978627
0.914291569,0.918431367,0.903748274,0.917784401,0.898250171,0.87561122,0.895468848,0.926193169,0.917784231
0.914097684,0.918172683,0.903554303,0.917590431,0.89786206,0.875352451,0.89540422,0.925999284,0.917590431
0.913903287,0.917913914,0.903230735,0.917331576,0.897538662,0.875094022,0.895145195,0.925869771,0.917202149
0.913644774,0.917719688,0.90303668,0.917137606,0.897409405,0.874899711,0.894757339,0.925740344,0.917137691
0.913450888,0.917525547,0.90277791,0.916879092,0.897150976,0.874705655,0.894628167,0.92548166,0.916879007
0.913256577,0.917396205,0.902389884,0.916490555,0.896762524,0.874382257,0.894369228,0.925287604,0.916684781
0.912997808,0.917202234,0.902066401,0.916232041,0.896568383,0.874188202,0.894046,0.925028835,0.91649064
0.912739464,0.917008349,0.901807802,0.915973186,0.896309699,0.874058775,0.893981201,0.924834864,0.916167327
0.912480525,0.916814293,0.901613576,0.915843844,0.895986387,0.873735377,0.89378706,0.924576265,0.915972931
0.91222167,0.916555439,0.901549118,0.915650129,0.895727617,0.873476693,0.893528376,0.924446753,0.91584427
0.912027359,0.916426097,0.901161007,0.915455733,0.895468933,0.873282381,0.893334406,0.924188069,0.91558516
0.911898017,0.916167242,0.900902408,0.915067622,0.895210164,0.872959239,0.893010838,0.924058727,0.915391275
0.911639588,0.915908728,0.900578754,0.914873821,0.895015853,0.872700725,0.892816612,0.923864586,0.915067792
0.91131619,0.915649789,0.900514041,0.914614882,0.894757339,0.872571213,0.892622897,0.923735244,0.91493828
0.911186763,0.915455903,0.900126014,0.914291569,0.89449874,0.872571128,0.892364042,0.92347656,0.914615052
0.910992708,0.915326476,0.899932129,0.914097599,0.894239885,0.872377328,0.892040474,0.923282163,0.914550168
0.910798567,0.915132335,0.899802532,0.913968001,0.894110543,0.872118132,0.891975931,0.923217876,0.914420826
0.910604766,0.914873566,0.899673189,0.913580145,0.893722432,0.87179499,0.891717332,0.92302365,0.914291654
0.910345912,0.914614967,0.899220279,0.913321206,0.893398949,0.871471678,0.891458562,0.922829594,0.913967916
0.910151686,0.914356198,0.899026309,0.912997808,0.893269862,0.871148109,0.891264507,0.922700337,0.913774116
0.909893002,0.914291654,0.898832508,0.912997978,0.893075722,0.871018767,0.891005823,0.922506281,0.913644774
0.909828544,0.914033055,0.898638197,0.912739124,0.892817037,0.870954054,0.890746968,0.922247427,0.913450633
0.90950489,0.913838744,0.898509026,0.912351097,0.892687355,0.870695284,0.890358857,0.922247427,0.913192034
0.909375719,0.913645029,0.898250171,0.912286213,0.892428841,0.870566028,0.890358857,0.922118425,0.913062607
0.909181493,0.91358006,0.897926944,0.912027614,0.892169986,0.870242374,0.890164801,0.921730059,0.912868466
0.908987522,0.91332112,0.897797431,0.911704132,0.892105358,0.870177831,0.889906202,0.921665345,0.912545153
0.908664124,0.912933179,0.897474119,0.911574789,0.891911302,0.869919147,0.889776775,0.921406661,0.912415726
0.908599326,0.912803922,0.897344436,0.91131619,0.891717161,0.869595664,0.889582719,0.921342032,0.912351097
0.908340641,0.912609867,0.89695658,0.91112205,0.891523276,0.869595664,0.889259236,0.921083263,0.912157042
0.908146756,0.912415726,0.896891696,0.91086328,0.89132922,0.869207638,0.889065266,0.920953751,0.911962986
0.908017414,0.912092243,0.896633182,0.910669225,0.891005908,0.869013667,0.888936009,0.92075978,0.911704302
0.90775873,0.911898272,0.896309699,0.910475424,0.890811682,0.868754983,0.888741783,0.920630268,0.911574789
0.907564419,0.911833644,0.896051015,0.910151856,0.890617711,0.868625641,0.888612526,0.92056598,0.911315935
0.907370533,0.911574875,0.895856959,0.909893257,0.890294143,0.868366531,0.888418385,0.920371669,0.91112205
0.907176392,0.911380819,0.895662904,0.909634233,0.890035544,0.868237189,0.888289213,0.920177613,0.910798567
0.907047135,0.911251477,0.895468848,0.909504976,0.889712146,0.868043389,0.887965475,0.919983642,0.910604511
0.906788536,0.911057591,0.895339421,0.909181833,0.889517835,0.867849163,0.887900931,0.919918929,0.910475254
0.906659024,0.910798737,0.895080652,0.909116864,0.889453207,0.867719906,0.887642162,0.919595787,0.910152112
0.90640034,0.910604766,0.894951395,0.908922723,0.889194693,0.867590478,0.887448192,0.919466104,0.909957886
0.906270742,0.91041054,0.89469271,0.908534697,0.888871465,0.867331965,0.887124624,0.919336847,0.909828373
0.906012143,0.910216655,0.894369228,0.908276098,0.888741783,0.867008397,0.886930653,0.919078163,0.909699031
0.905882631,0.909957971,0.894175087,0.908146586,0.888547812,0.866814256,0.886672139,0.918884107,0.909505316
0.905624202,0.909763745,0.893916488,0.907887902,0.88841847,0.8666202,0.8864132,0.918689966,0.909375634
0.905300634,0.909634488,0.893722347,0.907629473,0.888095243,0.866361601,0.886219314,0.918495996,0.909116864
0.905171122,0.909375719,0.893528376,0.907435077,0.887900846,0.86616746,0.886025173,0.91830194,0.908922894
0.904847809,0.909116949,0.893334491,0.90730582,0.887577534,0.865844318,0.885766489,0.918237226,0.908728753
0.904783181,0.908922894,0.893269607,0.906917793,0.88751299,0.865779178,0.885637062,0.917913829,0.908599496
0.904654009,0.908728838,0.893075636,0.906788366,0.887189422,0.865650177,0.885442921,0.917784486,0.908340556
0.904394984,0.908599326,0.892752154,0.906594396,0.88706008,0.865326694,0.885313409,0.917590431,0.908211385
0.904265642,0.90840561,0.892493469,0.906335626,0.886930653,0.865068265,0.884990011,0.917460833,0.908081957
0.904136215,0.908146671,0.8922347,0.906076772,0.886607426,0.864873784,0.884796211,0.917267033,0.907823273
0.903877701,0.908017329,0.892105188,0.905688746,0.886477998,0.864809411,0.884602155,0.917137606,0.907693761
0.903683731,0.907758559,0.891911387,0.905559489,0.886219229,0.864550471,0.884408099,0.916943465,0.907435417
0.903489505,0.90749996,0.891717247,0.905365433,0.886025088,0.8644213,0.884214044,0.916684866,0.907370448
0.903360248,0.907305734,0.891458733,0.90504178,0.885831032,0.864291872,0.884019988,0.916490895,0.907111679
0.903036765,0.907111764,0.891264422,0.904847894,0.885572433,0.864097561,0.883890476,0.916231871,0.906917368
0.902971966,0.906982507,0.89113508,0.904653754,0.885443006,0.863644906,0.883632132,0.916167498,0.906658939
0.902713452,0.906788281,0.890811682,0.904459868,0.885184152,0.863580108,0.883502534,0.915908388,0.906723738
0.902648653,0.906594396,0.890617626,0.904265812,0.884925638,0.863450851,0.88324385,0.915844015,0.906400255
0.902454683,0.906400255,0.890488369,0.903877446,0.884731412,0.863450851,0.883114423,0.915585331,0.906335456
0.902260712,0.906076857,0.890358942,0.903877531,0.884537612,0.863062654,0.883049795,0.915520787,0.906076942
0.902066401,0.905947515,0.890100173,0.903554218,0.884472728,0.862933482,0.882790855,0.915261933,0.905882716
0.902001773,0.90568866,0.889970916,0.903424876,0.884213958,0.862868769,0.882596884,0.915197219,0.905947515
0.901807632,0.905559489,0.889712146,0.903166107,0.883955359,0.862674713,0.882338115,0.914938365,0.90568866
0.901613576,0.905365092,0.889582804,0.902972136,0.883761219,0.862415944,0.882079516,0.914808937,0.905494775
0.90141952,0.905171548,0.889388663,0.902713111,0.883567248,0.862286346,0.882014803,0.914679766,0.905300634
0.90122555,0.904977151,0.889194608,0.902713367,0.883437736,0.861963204,0.881756118,0.914550253,0.905171292
0.901096293,0.904718552,0.888871295,0.902454342,0.88324385,0.861833947,0.881561552,0.914356368,0.904912523
0.900902237,0.904524411,0.888742038,0.902325085,0.883049709,0.86170435,0.881238495,0.914097428,0.904847809
0.900643553,0.904395155,0.88867741,0.902066742,0.88279094,0.861574922,0.880979896,0.913903373,0.904524497
0.900384699,0.904201099,0.88841847,0.902001773,0.882532256,0.861445751,0.880915182,0.913838744,0.904395069
0.900255357,0.904007128,0.888159786,0.901807802,0.882467542,0.861186981,0.880656498,0.913709317,0.904201099
0.900126014,0.903812987,0.88796556,0.901548777,0.882273572,0.860992926,0.880656498,0.913450718,0.904006958
0.89986733,0.903683645,0.887836218,0.901290519,0.882079431,0.860928297,0.8803331,0.913191949,0.903748189
0.899608476,0.903489505,0.887771589,0.901096123,0.881885205,0.860734156,0.880009532,0.913062692,0.903618932
0.899479219,0.903360333,0.887448192,0.900837524,0.88169149,0.860540186,0.879880275,0.912997723,0.903424876
0.899414335,0.903101308,0.887189337,0.900643468,0.881562063,0.860281416,0.879750848,0.912868636,0.903295619
0.899155736,0.902907423,0.886995367,0.900449412,0.881303293,0.860087446,0.87942745,0.912674665,0.903166107
0.899026564,0.902778166,0.886866025,0.900255101,0.881044609,0.860022732,0.879168851,0.912609782,0.902907508
0.898832338,0.902648653,0.886672054,0.899996587,0.88078584,0.859828591,0.878910167,0.912351097,0.902778081
0.89876771,0.902454683,0.886542712,0.899802617,0.880591784,0.859634536,0.878780654,0.912092328,0.902519226
0.898444397,0.902260627,0.886284028,0.899608476,0.880591784,0.859311053,0.878780484,0.911962986,0.902389884
0.898250341,0.902066571,0.88615443,0.899349962,0.880333185,0.859181711,0.878586599,0.911704302,0.902130944
0.898056201,0.902001773,0.88596063,0.899285078,0.880203843,0.858923112,0.878263201,0.911574704,0.901937229
0.897926858,0.901807802,0.885895916,0.899091022,0.880009617,0.858793684,0.87806923,0.911380819,0.901807802
0.897732718,0.901613661,0.885701605,0.899090937,0.879945074,0.858599884,0.877940059,0.911316361,0.901613746
0.897473948,0.901419606,0.885442836,0.898832423,0.879815476,0.858470201,0.877681289,0.911057336,0.901484404
0.897344691,0.90122555,0.885249036,0.898638283,0.879556877,0.858405573,0.877357636,0.910928079,0.901354977
0.897279978,0.901096293,0.884990181,0.898444142,0.87942745,0.858276146,0.877228379,0.910798652,0.901225635
0.897085752,0.900902067,0.884796126,0.898185458,0.87923365,0.85808209,0.877098952,0.910604766,0.90103175
0.896891952,0.900708182,0.884666954,0.897991487,0.879039339,0.857888034,0.876904896,0.91041054,0.900902152
0.896827238,0.900514041,0.88460207,0.897926518,0.878909997,0.857629521,0.876775554,0.910216229,0.900643298
0.89650367,0.900320155,0.884472643,0.897667919,0.878651398,0.857564807,0.876710926,0.910087313,0.900449497
0.896374413,0.899996587,0.884214129,0.897409235,0.878457257,0.857306038,0.876452242,0.909893087,0.900319985
0.896244986,0.899932044,0.883955274,0.897344606,0.878327915,0.857241324,0.87625776,0.909828459,0.900190728
0.896051015,0.899673189,0.88369659,0.897085922,0.878133774,0.856917841,0.87606396,0.909634488,0.89986733
0.895921418,0.899543677,0.883632047,0.896827323,0.877875175,0.856852872,0.875934703,0.909504976,0.89986699
0.895727532,0.899349962,0.883437736,0.896697896,0.877616491,0.856788584,0.875675763,0.909246121,0.899673275
0.895404049,0.899155821,0.883308479,0.896374328,0.877616405,0.856659157,0.875611305,0.909052236,0.899544018
0.895468933,0.899026564,0.883114423,0.896244901,0.877357721,0.856659072,0.875352366,0.908987778,0.899349792
