1.000424646,0.999870114,1.000096322,1.000345113,1.000016212,1.001779357
0.999683239,0.999112213,0.999612287,0.999963491,0.999235266,1.002840329
0.998722269,0.998443783,0.998645949,0.999515739,0.998647487,1.003508025
0.998002576,0.997505907,0.997891311,0.998434246,0.997704074,1.003431817
0.99799327,0.997204681,0.998023667,0.998728385,0.997994514,1.004679114
0.997819895,0.996118266,0.997592298,0.997962385,0.997209774,1.004448392
0.998219725,0.997214354,0.997603731,0.997715088,0.996599573,1.004130625
0.997476938,0.996828495,0.996980411,0.997132322,0.996259807,1.004104057
0.996872369,0.995977671,0.996469696,0.996607419,0.995674787,1.004141112
0.996269522,0.995597684,0.99590597,0.99587655,0.994854863,1.004053368
0.995813165,0.995127883,0.995392138,0.99543672,0.99466894,1.004227458
0.995812476,0.995180044,0.995311061,0.995003089,0.994236729,1.004142511
0.995303038,0.994621464,0.994817671,0.994355571,0.993628253,1.003634223
0.994581966,0.994092247,0.994085555,0.993726652,0.99294665,1.003540186
0.994231771,0.993749223,0.993645523,0.993403927,0.992593431,1.003463279
0.993963954,0.993226223,0.993589393,0.993109788,0.992373358,1.003197599
0.993501393,0.992776112,0.993014233,0.992537355,0.991857327,1.002796632
0.993516559,0.992442415,0.992999334,0.992317267,0.991836631,1.002888221
0.99293267,0.991970541,0.992218017,0.991661139,0.991034298,1.002480962
0.992368772,0.991795056,0.992185102,0.991820263,0.991078796,1.002401608
0.992173683,0.991284147,0.991909995,0.991326014,0.990512748,1.002156553
0.99104382,0.991029556,0.99106943,0.990888939,0.990228171,1.001920936
0.990941105,0.990324854,0.99053273,0.989596314,0.989190934,1.001791942
0.990823225,0.989964558,0.990589553,0.989840511,0.989119877,1.001178431
0.990432357,0.989682677,0.990319297,0.989830178,0.988553484,1.001406356
0.990061825,0.989613243,0.990048002,0.989304931,0.988494499,1.001200454
0.989371775,0.989202512,0.989323508,0.989010103,0.987883954,1.000823608
0.989176686,0.988977975,0.989122202,0.988513788,0.987503484,1.000709296
0.988576597,0.988833925,0.988827346,0.988158342,0.987284446,1.000770472
0.988425971,0.988659131,0.988429585,0.988028494,0.987020567,1.000472281
0.988023385,0.988458775,0.988225854,0.987680625,0.986716329,1.000039153
0.987649061,0.988190712,0.98780765,0.98738442,0.986394154,1.000088793
0.987427087,0.987774108,0.987488194,0.987081326,0.986175807,0.999993708
0.987076892,0.987675657,0.987258476,0.986733113,0.985756359,0.999739913
0.986612952,0.987431775,0.986994457,0.986359757,0.985534907,0.999516532
0.986350305,0.98713884,0.986602932,0.986132437,0.985460054,0.999330556
0.986011139,0.986988573,0.986222495,0.985890651,0.985024394,0.99922813
0.985584425,0.986630695,0.985632783,0.9856189,0.984333823,0.999187578
0.985388646,0.986334996,0.985751627,0.985169426,0.98417584,0.998774726
0.985035693,0.985985754,0.985452266,0.985025456,0.98400199,0.998642235
0.981994577,0.985664147,0.98336991,0.98433523,0.982530472,0.998595042
0.982540895,0.975309516,0.983325561,0.984163017,0.983114112,0.998576514
0.984459387,0.984730417,0.984770043,0.984268067,0.983329355,0.998004254
0.983903762,0.985368449,0.984626946,0.984099299,0.983321421,0.998585254
0.983589414,0.985217145,0.984440193,0.983784839,0.983000971,0.998560434
0.983324699,0.984810905,0.984292591,0.983515844,0.982937847,0.998457658
0.983142018,0.984726617,0.984139793,0.983348109,0.982715015,0.998490868
0.982036628,0.984371157,0.983051147,0.982434007,0.98207446,0.998144784
0.982699793,0.983885811,0.983399015,0.982636528,0.981683297,0.997722843
0.975586276,0.978349753,0.977481798,0.977054785,0.976737536,0.99228689
0.978369916,0.980742977,0.979844804,0.97926909,0.978956195,0.995620824
0.978074869,0.980638654,0.979742245,0.979131665,0.97878062,0.995719755
0.978565695,0.980902917,0.980226973,0.979372417,0.978983446,0.996108487
0.980756484,0.982895428,0.982016899,0.980778358,0.980246274,0.996632506
0.980869195,0.982891973,0.982192911,0.980961936,0.980422194,0.996998865
0.978428167,0.981132291,0.980355865,0.979381717,0.979232148,0.996349696
0.976416956,0.979265866,0.97856386,0.977646851,0.977339458,0.994690944
0.976150518,0.979015421,0.978186195,0.977042386,0.97688931,0.994417224
0.976001616,0.978696232,0.978094031,0.97689325,0.976797901,0.994161332
0.976039875,0.979197123,0.978328599,0.977379577,0.977132838,0.99469479
0.975782054,0.978717304,0.978132837,0.976912538,0.97691932,0.994933202
0.977395159,0.978500021,0.979160502,0.978058438,0.978016921,0.994683953
0.978143806,0.980832101,0.980029479,0.978760375,0.978698524,0.996030181
0.978195852,0.980799975,0.979942165,0.978405962,0.978586074,0.995907829
0.977876678,0.980486659,0.979845497,0.978273014,0.978208019,0.995673261
0.975945433,0.980039311,0.978078093,0.976764091,0.976925874,0.995357242
0.973890447,0.976991129,0.976656478,0.975377093,0.976005227,0.994007168
0.973917333,0.976979384,0.976663061,0.975453211,0.975892776,0.993880271
0.973484758,0.97658178,0.976332517,0.975057123,0.975497129,0.993592917
0.97338101,0.976657086,0.976482544,0.97472992,0.975874149,0.993500278
0.973789801,0.976027345,0.976351227,0.975269633,0.975491265,0.993359748
0.973244861,0.976396623,0.976338407,0.974648635,0.975775151,0.99355691
0.972908452,0.975645632,0.975567485,0.974148187,0.974969024,0.993462873
0.97265718,0.975483274,0.975706771,0.974098589,0.974999379,0.992841322
0.972209096,0.97549191,0.975223082,0.973934299,0.97467617,0.993972909
0.971790653,0.974850769,0.974836409,0.973147978,0.974279833,0.992897954
0.971673462,0.97462485,0.974786862,0.97316451,0.974333988,0.992807762
0.9715835,0.974507054,0.974510716,0.973254749,0.974064934,0.992766512
0.974846247,0.975913349,0.976905945,0.974726475,0.975617513,0.992520059
0.974798681,0.977227757,0.976730971,0.974602482,0.97543159,0.99365654
0.974711821,0.977075072,0.976451014,0.974307311,0.97516978,0.99349084
0.973494065,0.976618397,0.976003013,0.974276312,0.97476206,0.993328285
0.973657443,0.976375206,0.975876894,0.973913978,0.974857953,0.993167479
0.973706043,0.976288845,0.975847789,0.973814784,0.974650644,0.992948643
0.97122262,0.976171049,0.973701334,0.972256607,0.973259498,0.992804616
0.973109401,0.975241464,0.975309356,0.973157277,0.974557165,0.99242742
0.972795053,0.975653922,0.975098349,0.973096314,0.974386764,0.992454338
0.972488287,0.975621105,0.974726227,0.972828352,0.97406321,0.992256127
0.972263555,0.975412803,0.974797949,0.972366823,0.973954208,0.992083784
0.972300781,0.975338188,0.974404692,0.972493916,0.973809678,0.991940107
0.972154636,0.975130232,0.974357571,0.972278995,0.973138078,0.991809714
0.972071568,0.97483626,0.974269218,0.972087495,0.97341817,0.991553473
0.971631756,0.974712247,0.973968472,0.971883596,0.973208791,0.991585984
0.971564198,0.974346423,0.973881851,0.971505073,0.972969057,0.991449998
0.971288454,0.97380857,0.973581798,0.971220234,0.972793827,0.990922483
0.970886212,0.974039671,0.973367326,0.970995325,0.972471653,0.990785448
0.97069905,0.973658648,0.973124442,0.970746995,0.972044271,0.990546336
0.970696293,0.973479709,0.973167059,0.970692576,0.972298837,0.990377489
0.970407795,0.973251371,0.97275336,0.970296487,0.971632412,0.990228569
0.966563228,0.970011469,0.969694618,0.967550391,0.968734219,0.986053198
0.968712656,0.972046469,0.972038221,0.969597995,0.970774199,0.989166548
0.968716103,0.97186373,0.971796377,0.969284224,0.970575858,0.988841439
0.96850378,0.97147338,0.971759996,0.969278369,0.97053343,0.988967987
0.967857159,0.971514142,0.97151538,0.968971486,0.97030301,0.988705803
0.967856814,0.971287187,0.971378866,0.96877172,0.970226778,0.988581003
0.967167798,0.970638792,0.97099635,0.968308469,0.969867694,0.988187727
0.967105411,0.970491288,0.971121084,0.968325691,0.970006016,0.988358321
0.966538756,0.970154827,0.970798509,0.968091482,0.969766972,0.988042302
0.966563917,0.969991088,0.970798509,0.968023286,0.969713506,0.987738518
0.96627025,0.96978244,0.970495337,0.967689194,0.969534827,0.987421799
0.965676365,0.96896996,0.96989142,0.967176346,0.968686617,0.986934486
0.966071024,0.969655318,0.969986009,0.9672008,0.969028453,0.987102983
0.966100667,0.96961421,0.969964874,0.967139148,0.969154702,0.987884642
0.965992437,0.969393127,0.970070551,0.96710195,0.968833907,0.987647977
0.965759778,0.96914959,0.969735849,0.966839843,0.96878596,0.987382996
0.965535735,0.96893438,0.969652347,0.966629744,0.968427222,0.987181289
0.964722634,0.968322947,0.968985716,0.965755251,0.968177484,0.986753404
0.965303076,0.968368891,0.969233104,0.966112419,0.967980523,0.986238474
0.965312382,0.968265604,0.969073376,0.965789349,0.96779529,0.986040962
0.964777783,0.967965069,0.969034916,0.965890954,0.967862209,0.985873514
0.964499626,0.96796576,0.968901174,0.965759384,0.967661798,0.985881554
0.964411043,0.967634826,0.968732784,0.965511742,0.967396194,0.985800802
0.964175281,0.96732911,0.968591766,0.965237581,0.967378257,0.985628459
0.965175889,0.967815147,0.968824948,0.965440447,0.967121966,0.985991322
0.964917378,0.96754052,0.968454559,0.964776396,0.966702862,0.985937487
0.96498528,0.967571956,0.96846634,0.964742987,0.966590757,0.985745568
0.964707813,0.967121844,0.967464314,0.964460214,0.966274446,0.985402981
0.964307294,0.966819928,0.967610876,0.964077903,0.965961585,0.985130309
0.964115651,0.966540465,0.967069325,0.963597776,0.965821194,0.984750666
0.963997426,0.966475867,0.966461596,0.964001097,0.96575669,0.984957617
0.963917805,0.966667242,0.966484117,0.96388537,0.965878454,0.98478108
0.963718579,0.966372235,0.966479959,0.963607764,0.965611815,0.984301108
0.96330772,0.966315582,0.966343792,0.963303637,0.965459696,0.984723749
0.963350461,0.966086899,0.966702747,0.963159323,0.965194091,0.984131912
0.96315089,0.965882743,0.966706558,0.962899972,0.964603553,0.984231891
0.962915818,0.965386688,0.966503866,0.962620643,0.965005064,0.983202731
0.96258527,0.965592572,0.966695124,0.962596878,0.964772919,0.983399544
0.962636627,0.96529031,0.966276574,0.962236266,0.964632873,0.982991235
0.96228264,0.965467522,0.966184757,0.962139138,0.964452813,0.983257615
0.962283674,0.965156624,0.965880546,0.961813312,0.964266545,0.982626624
0.962278159,0.965056445,0.965948802,0.961576693,0.963999561,0.982470363
0.961761828,0.965120352,0.965536836,0.961580137,0.963820192,0.982347311
0.961706679,0.964813599,0.965337262,0.961209881,0.963378323,0.982263062
0.961661181,0.964999447,0.965464421,0.961375204,0.963857446,0.981745685
0.961556743,0.964768346,0.965571484,0.961232613,0.963376943,0.982260615
0.961412322,0.964664368,0.96524787,0.960916431,0.96347939,0.982066249
0.961003186,0.964514792,0.964883371,0.960428726,0.963146523,0.982109597
0.961061092,0.964355543,0.964856345,0.960167308,0.962945077,0.981638714
0.96078845,0.96406848,0.964708397,0.960162486,0.962673264,0.981512167
0.960380693,0.963848779,0.964291233,0.959598318,0.962034778,0.981289135
0.960294523,0.963527518,0.963954453,0.959260782,0.962203454,0.980523907
0.96011977,0.963427685,0.96387303,0.959010041,0.961952682,0.980744841
0.959804732,0.963237346,0.96362876,0.95902003,0.961607052,0.980437561
0.958905115,0.962978956,0.96322892,0.958497538,0.961399052,0.98008973
0.959658587,0.962519517,0.963389341,0.958669406,0.961313507,0.979730363
0.959472115,0.962820743,0.963402161,0.958505459,0.961320061,0.979660447
0.959246004,0.962535062,0.963087555,0.958248519,0.960811273,0.979567459
0.958844452,0.962107059,0.962493339,0.957769424,0.960342844,0.979164045
0.958796196,0.961755399,0.962465967,0.957366103,0.960387686,0.978600524
0.958455997,0.961772326,0.962282331,0.957235911,0.959920636,0.978415247
0.95911089,0.961311851,0.962942379,0.957992611,0.961106198,0.978175436
0.958969915,0.96218133,0.962914314,0.958094217,0.960639493,0.979449651
0.957905886,0.961730182,0.962622923,0.957726716,0.960600859,0.979525859
0.954688983,0.961326705,0.960636543,0.95600356,0.959289739,0.979362606
0.954358779,0.958600821,0.960095684,0.955513099,0.958827174,0.978318413
0.953791434,0.95832654,0.959687529,0.955151454,0.958401862,0.977448311
0.957001445,0.957914772,0.960971937,0.955947074,0.95925766,0.976807533
0.957913814,0.960686256,0.961624709,0.956166473,0.959031379,0.977326658
0.958126482,0.960758453,0.961647923,0.956285988,0.959479802,0.976985119
0.955531037,0.960952592,0.960407172,0.955447659,0.958388754,0.977836344
0.954115779,0.958667837,0.959548936,0.954559733,0.957993452,0.977367908
0.953579456,0.957543422,0.95920384,0.954177421,0.95756676,0.977019727
0.954798246,0.957451189,0.959456425,0.954183621,0.958309762,0.976562129
0.957560516,0.958999461,0.960758158,0.955337099,0.958478783,0.976589745
0.9571307,0.959965318,0.960804586,0.955442837,0.958207315,0.976528219
0.956756377,0.959738017,0.960536756,0.95486076,0.957121096,0.976720837
0.957274776,0.959313814,0.961211356,0.955495189,0.958711963,0.976435931
0.957139661,0.960189164,0.961079693,0.955386696,0.958155229,0.977135438
0.956785675,0.960080695,0.960755386,0.955415283,0.957351172,0.976525423
0.956333454,0.959903483,0.960224229,0.954904501,0.957466037,0.976666653
0.956267275,0.959415028,0.960205173,0.954751233,0.957491908,0.976134943
0.952041836,0.946672355,0.956824896,0.951742685,0.954312588,0.980483705
0.951570313,0.955408589,0.956619085,0.95162558,0.954308449,0.973873167
0.951748168,0.955440024,0.956321111,0.95197276,0.95406906,0.973619373
0.951699223,0.955461096,0.956319725,0.951671389,0.954029047,0.973727742
0.951459326,0.955266958,0.956276068,0.951546363,0.953930739,0.973277135
0.951421756,0.955062801,0.956064022,0.951355551,0.953585453,0.973119475
0.951134981,0.954920479,0.955769165,0.950984606,0.953440233,0.972754514
0.951054326,0.954860027,0.955962502,0.951152685,0.953600975,0.972548263
0.950813739,0.954653798,0.955695711,0.950855447,0.9532243,0.972647543
0.950471471,0.954446878,0.955111196,0.950584729,0.95301906,0.972446885
0.950323259,0.954551201,0.955229,0.950432838,0.952823134,0.972300411
0.950230195,0.954287974,0.955143419,0.950486568,0.95266929,0.972075982
0.950206412,0.954267939,0.954982652,0.950185197,0.9524061,0.972270348
0.949774872,0.954092454,0.954616767,0.949846972,0.952051156,0.971857495
0.949336783,0.953771193,0.954271324,0.949377177,0.951672411,0.971481348
0.948842856,0.953411588,0.953666714,0.948887406,0.950876288,0.970894055
0.944357183,0.949004435,0.949858185,0.944562123,0.94684117,0.96494527
0.948043541,0.952180777,0.952382305,0.947297198,0.949709008,0.968974168
0.945981318,0.950707811,0.951227481,0.946389295,0.948742139,0.968384777
0.94436511,0.949151939,0.950080973,0.945076693,0.947738706,0.967423086
0.944092468,0.949244863,0.949762902,0.945026751,0.94739204,0.967360161
0.944313753,0.949378895,0.949875509,0.944921702,0.947379623,0.967428329
0.946998815,0.951319935,0.951534811,0.946415815,0.948580706,0.967853068
0.946837504,0.951304044,0.951738196,0.946698932,0.948709024,0.968436865
0.946779253,0.951166213,0.951609304,0.946354163,0.948484813,0.96816664
0.946356675,0.951110251,0.951303361,0.946123743,0.948276124,0.968056872
0.946484896,0.950867405,0.950858478,0.945746254,0.947856676,0.967520618
0.946170547,0.950743392,0.950929507,0.945635694,0.947972576,0.967053581
0.946296356,0.950643213,0.950848777,0.945289892,0.947378243,0.966548089
0.943558558,0.948750535,0.948912636,0.943387291,0.945941219,0.965918498
0.9466207,0.951552072,0.951563222,0.946332809,0.948488262,0.967759031
0.94647559,0.951156541,0.951331772,0.945932588,0.948132973,0.967723724
0.946035432,0.950931312,0.951002961,0.945571287,0.947928423,0.967450353
0.946185024,0.950876732,0.950846698,0.945451427,0.947391351,0.966305831
0.946024747,0.950861533,0.950904907,0.945274737,0.947463098,0.966205502
0.946132288,0.950720593,0.951029987,0.94537152,0.947117468,0.965889133
0.946225351,0.950145777,0.950906986,0.945088059,0.947497247,0.965344489
0.94637839,0.951134432,0.951134624,0.94536291,0.947530017,0.966350927
0.946030952,0.950876387,0.950843579,0.944987487,0.947297527,0.966096084
0.945672829,0.950549944,0.950572977,0.944977843,0.94692706,0.965826908
0.945160289,0.950120905,0.949972178,0.943922182,0.945917763,0.965201861
0.945230603,0.949951293,0.949819379,0.943975223,0.945896377,0.964905418
0.94503448,0.949725373,0.949852988,0.943876718,0.945887753,0.964885492
0.944738055,0.949607232,0.949222044,0.943624255,0.945442435,0.964474737
0.944617417,0.949193047,0.949447604,0.943465475,0.945365513,0.964583106
0.944438183,0.948949856,0.948895312,0.942769738,0.944961932,0.964091249
0.942452823,0.948618922,0.94771069,0.942037836,0.943452471,0.963968197
0.940448505,0.945722389,0.946436677,0.940219274,0.942333483,0.962526883
0.940986896,0.945779732,0.946720792,0.940445561,0.943061308,0.962127663
0.940959667,0.945972489,0.946548937,0.940581265,0.942839167,0.963579115
0.943845332,0.948260353,0.948645845,0.942568594,0.944848792,0.964525426
0.943721937,0.948511835,0.948713755,0.942662622,0.94462734,0.965261289
0.943419307,0.948458637,0.948346831,0.942302354,0.944031282,0.964724686
0.940060395,0.946488925,0.945916261,0.940031219,0.942154459,0.96316871
0.943292465,0.946555941,0.948024257,0.941348642,0.943873299,0.962712159
0.942080223,0.947842022,0.947304614,0.941633137,0.943475582,0.963761945
0.941914776,0.947540451,0.947145232,0.941153009,0.942865727,0.963423902
0.941682806,0.947193973,0.94694254,0.940907435,0.942771903,0.962542264
0.941315377,0.946741098,0.946652188,0.940591597,0.942521821,0.96253737
0.941151654,0.94698118,0.946453654,0.940071516,0.94168189,0.962208766
0.9411713,0.9464378,0.946367727,0.939945801,0.942106167,0.961457171
0.941402236,0.947022979,0.94616746,0.940219274,0.942354525,0.961893795
0.94017414,0.946688936,0.945477615,0.939759468,0.941467337,0.962078722
0.939738808,0.945996324,0.945411437,0.938855698,0.940908878,0.960864984
0.939891157,0.946009451,0.944901416,0.938619767,0.94028074,0.960526592
0.938327686,0.945560031,0.944089609,0.937801759,0.939926486,0.960217564
0.939403434,0.944854983,0.94479366,0.938146528,0.94025211,0.959799118
0.939939067,0.945390764,0.945208398,0.938411046,0.940471838,0.959651596
0.938907783,0.945533432,0.944471085,0.937844812,0.940101716,0.959736194
0.938726481,0.945123737,0.944380653,0.937533108,0.939989265,0.959546722
0.938498303,0.94495758,0.944042141,0.937213482,0.939607761,0.959546722
0.93826909,0.944437344,0.944120445,0.937111532,0.939519456,0.959107301
0.93556645,0.944719915,0.941831586,0.93514108,0.937351848,0.959087375
0.935580582,0.942063465,0.942089022,0.934812499,0.937598136,0.957076947
0.936869687,0.941984013,0.942843313,0.935345668,0.938266286,0.957427574
0.93749804,0.943947161,0.943067487,0.935751055,0.938304919,0.957692555
0.93743324,0.943908126,0.943029721,0.935637051,0.937955149,0.957647459
0.936938968,0.943148153,0.942463916,0.935384932,0.937815103,0.957351716
0.935134565,0.943138135,0.941058932,0.934282085,0.936293225,0.957085686
0.934347315,0.940945959,0.940753681,0.933103464,0.935756842,0.955996748
0.934147745,0.941014702,0.940778628,0.932991871,0.935903786,0.955864956
0.933603839,0.940643352,0.94009883,0.93241496,0.935137673,0.955812519
0.932814865,0.940221567,0.939519859,0.931895223,0.934416746,0.95496479
0.932759716,0.939704785,0.939291874,0.931876969,0.934122512,0.954282412
0.932812452,0.939732766,0.939479667,0.93140924,0.934313609,0.954087347
0.932985482,0.939798745,0.93958777,0.931945165,0.934320163,0.954215643
0.93304718,0.939679913,0.939689982,0.931608662,0.93404559,0.954423992
0.932770401,0.940018101,0.939463383,0.931425428,0.933889677,0.95420131
0.932979967,0.939776982,0.939391661,0.930948056,0.93366926,0.953785311
0.932320938,0.939509956,0.938865009,0.930703859,0.93334743,0.953892282
0.932167555,0.939245347,0.938975883,0.930240952,0.933388133,0.953477681
0.932315078,0.939402523,0.939002908,0.93008665,0.933241188,0.953305339
0.93226441,0.939086098,0.939147738,0.93041902,0.933162887,0.953264788
0.931885606,0.939356234,0.93884318,0.929971957,0.932778622,0.953042805
0.933690698,0.939060881,0.940227375,0.931235306,0.933765843,0.952444676
0.933345673,0.940475121,0.939902029,0.930988698,0.93326154,0.953178791
0.932907239,0.940133824,0.939556586,0.930787554,0.933040433,0.952796002
0.930535492,0.939824308,0.937466261,0.92945532,0.931352292,0.952521933
0.931305509,0.937539553,0.937835611,0.929203201,0.930857302,0.951149486
0.931377892,0.937476337,0.937857786,0.928837767,0.931299516,0.951114877
0.9338558,0.937800362,0.939459918,0.930111449,0.932051142,0.951171159
0.933599013,0.939840544,0.939290142,0.930434519,0.932090811,0.951614076
0.933199528,0.939673004,0.938563223,0.930192044,0.931502686,0.951324275
0.932569452,0.939448812,0.937509572,0.929536949,0.929972529,0.950939039
0.927742201,0.937296016,0.93512439,0.926395453,0.927950486,0.950983086
0.927612601,0.935039588,0.934965009,0.9259632,0.928367174,0.94853079
0.931303441,0.935082077,0.937341528,0.927336076,0.929680364,0.948462622
0.931227611,0.938041135,0.936861997,0.927627459,0.928952539,0.949181006
0.93092119,0.937576861,0.936939262,0.927513455,0.928726948,0.948992933
0.930599603,0.937313288,0.935936544,0.927184874,0.928670722,0.948751723
0.930359705,0.936182656,0.936822845,0.927470746,0.929368193,0.948227355
0.930171165,0.936786835,0.936860611,0.92722586,0.929151225,0.949088368
0.93001985,0.937113968,0.936430974,0.927151809,0.928359241,0.949554706
0.929875774,0.936775435,0.935965648,0.926818406,0.928356481,0.949118082
0.929464225,0.936399594,0.935616395,0.926205675,0.927921511,0.948523448
0.9285198,0.936069351,0.935320153,0.925793743,0.927491715,0.948217567
0.928408469,0.934390502,0.935754987,0.924016513,0.927729034,0.945394367
0.929559702,0.935859322,0.93644414,0.925206844,0.928755923,0.948260215
0.928905498,0.935100386,0.935922338,0.924637855,0.928233337,0.947502678
0.928707307,0.934734908,0.935532546,0.924121907,0.927879083,0.947105906
0.927483346,0.934618148,0.934957386,0.923599415,0.927255775,0.946567554
0.923849379,0.931324356,0.932227109,0.920862962,0.924622152,0.944840634
0.923759072,0.934178746,0.931815489,0.921803586,0.923991255,0.949192193
0.922043253,0.930115309,0.930963836,0.919188371,0.92306164,0.943578304
0.922723997,0.929801647,0.930949977,0.918967594,0.923138561,0.943039603
0.922613354,0.929958478,0.931047338,0.918983782,0.92317409,0.942895227
0.923025937,0.930126708,0.931170339,0.919523496,0.92299955,0.943152517
0.922054627,0.929878681,0.930709865,0.918727531,0.922556646,0.942604028
0.922362771,0.929671415,0.930586171,0.918783327,0.922733256,0.942848034
0.922096678,0.929620635,0.930611811,0.918464735,0.922412116,0.942106926
0.921540364,0.929029238,0.930110451,0.918552219,0.921734652,0.941742316
0.921628602,0.929113181,0.929948991,0.917980129,0.921577704,0.941425247
0.923299958,0.929592309,0.931350857,0.919217647,0.922963676,0.941186135
0.926162185,0.932653273,0.933466821,0.921345501,0.924764612,0.94353216
0.92632453,0.932737906,0.933135238,0.921059629,0.924531087,0.94375589
0.925508671,0.932463625,0.933034758,0.920853319,0.924493834,0.943147973
0.925169505,0.932453953,0.932755494,0.920171014,0.924015056,0.942841741
0.924858259,0.931828011,0.932468607,0.920076986,0.923860522,0.942334153
0.924356059,0.931751668,0.931715009,0.919690886,0.923007139,0.941907666
0.924643178,0.93146357,0.932358772,0.919808335,0.923439005,0.9419213
0.924790357,0.931279449,0.932469646,0.919742205,0.922925733,0.942156916
0.924383634,0.931268049,0.932069806,0.919252778,0.923009209,0.942089098
0.92353503,0.930654199,0.931669273,0.918616281,0.922365549,0.941315829
0.923001809,0.930375081,0.9311939,0.917788629,0.921805365,0.940723642
0.92292529,0.929693178,0.930742434,0.917573364,0.921116518,0.940477539
0.91863057,0.927892733,0.928182973,0.915536093,0.919101719,0.940081466
0.918511311,0.926426676,0.928237717,0.914969515,0.919223138,0.938562545
0.922507193,0.92875703,0.93027018,0.917008164,0.920680513,0.939765446
0.922189742,0.928208467,0.930004428,0.91616329,0.920254511,0.93894079
0.921810593,0.928891061,0.929785452,0.91614848,0.919420444,0.938826128
0.921629291,0.928445786,0.929531827,0.916114382,0.919464942,0.938498922
0.921879874,0.92836288,0.929790302,0.915998655,0.919622235,0.937966863
0.921612402,0.9285698,0.929490595,0.915870529,0.919551867,0.938935196
0.921383189,0.928508311,0.928967408,0.915513017,0.918787823,0.938763553
0.917823328,0.926953821,0.9269197,0.913745086,0.917238004,0.938109841
0.916291568,0.924091832,0.926090569,0.912229963,0.916535704,0.936506322
0.915276828,0.924201683,0.925324844,0.911674406,0.915938957,0.935726062
0.917084333,0.923345677,0.926807093,0.911155358,0.91702621,0.934906299
0.91984488,0.92701531,0.928045766,0.914051279,0.91789822,0.936620634
0.919580855,0.926843971,0.927798032,0.913539465,0.917514991,0.936882818
0.915040378,0.925286026,0.924774631,0.910666275,0.914472268,0.93634202
0.913725766,0.922265134,0.9239209,0.908352087,0.91353058,0.934055424
0.913195303,0.921917964,0.923262584,0.908460925,0.913292571,0.933153859
0.913497587,0.922157356,0.923439983,0.908323156,0.913224272,0.93294551
0.913067426,0.922199154,0.923351283,0.908208462,0.912901063,0.933001793
0.9165811,0.922034033,0.926022659,0.909190072,0.915464318,0.932653962
0.917583431,0.925958948,0.926467541,0.911392667,0.916073483,0.934825197
0.917204282,0.92565634,0.926567328,0.911368557,0.915852031,0.935037391
0.917088125,0.925750991,0.926024391,0.910860186,0.915175602,0.934798978
0.916606606,0.925160631,0.92602543,0.910764092,0.915187675,0.933706893
0.916462874,0.924919512,0.92558921,0.909994992,0.914775471,0.933951249
0.916039951,0.924813807,0.925623511,0.909616125,0.914574026,0.933675431
0.916013066,0.924424148,0.925091662,0.909262401,0.914065583,0.933412548
0.915679415,0.924062815,0.925066022,0.909171818,0.913626818,0.932870351
0.915029348,0.923638267,0.924646779,0.908886978,0.913118375,0.932643125
0.914572991,0.923244463,0.924372019,0.908263226,0.912380202,0.932372201
0.913813659,0.923057924,0.924082014,0.90769837,0.912883126,0.931989412
0.914197978,0.922841331,0.924338757,0.907908469,0.912705826,0.931568519
0.913529643,0.922954637,0.92335752,0.907787576,0.912405383,0.931605574
0.913729902,0.922382239,0.923139929,0.907571277,0.912694788,0.93142624
0.913599613,0.922719045,0.92365688,0.907414564,0.912097696,0.931810777
0.913101205,0.922504525,0.923466315,0.907232363,0.911829677,0.931364365
0.912700686,0.921727971,0.923108053,0.906674396,0.91128467,0.931060231
0.91210818,0.921524506,0.922736278,0.906327905,0.911397121,0.930300246
0.909725059,0.920699244,0.920253043,0.905038379,0.909094641,0.930237672
0.911857253,0.919006577,0.92168228,0.904775583,0.909959062,0.928988976
0.911156517,0.920733098,0.921277936,0.905113119,0.909173287,0.929107483
0.909970471,0.919713697,0.920617888,0.903737488,0.907984966,0.928427552
0.909255948,0.918663553,0.920212851,0.902361512,0.907578971,0.927371823
0.910317565,0.918232787,0.922123005,0.901394024,0.910268129,0.926451032
0.91213024,0.920952799,0.922379748,0.905105542,0.909976654,0.927671413
0.911476381,0.920490252,0.922129588,0.905095554,0.909896283,0.928324076
0.911685257,0.920576612,0.922089396,0.90480727,0.909672417,0.92880265
0.910611232,0.920043249,0.921299071,0.904212105,0.909208471,0.928849144
0.910377194,0.91967639,0.92130704,0.90388869,0.908429595,0.92846216
0.910269999,0.919221788,0.920855921,0.90324255,0.908361297,0.92775671
0.909415536,0.920041177,0.920210425,0.902725569,0.907136757,0.9272666
0.908763745,0.918218969,0.919923538,0.902229253,0.907204365,0.926869129
0.909139446,0.917909107,0.920703469,0.902261285,0.907517916,0.926657634
0.909530659,0.918640754,0.920228789,0.902886071,0.906936691,0.926827879
0.908826476,0.918442125,0.920101977,0.902025009,0.906276129,0.92661918
0.908581409,0.918016194,0.919418368,0.901390579,0.906186445,0.925719364
0.907530478,0.917681115,0.918745154,0.90095316,0.905533472,0.925299869
0.907087218,0.91670455,0.918652296,0.89995674,0.905563482,0.925696291
0.907375027,0.916628553,0.918801284,0.900274989,0.905322368,0.925187304
0.906484717,0.916549447,0.918244487,0.899444581,0.904821859,0.925065301
0.905966662,0.916248912,0.917935079,0.89906847,0.903931911,0.924390614
0.905786739,0.915447486,0.917885879,0.897961834,0.903494182,0.924215125
0.905684713,0.91553661,0.917873752,0.898302125,0.903910525,0.923573997
0.905130467,0.915315872,0.917222019,0.898004542,0.903528676,0.923650905
0.906742882,0.914620843,0.918062238,0.898550111,0.903628708,0.923172681
0.906279287,0.915959086,0.917879295,0.898859748,0.903702526,0.923374038
0.906018364,0.915624698,0.91775283,0.89826906,0.903167178,0.92358833
0.905540981,0.915016029,0.91750267,0.897672517,0.902853626,0.922507432
0.904927105,0.914829144,0.916604589,0.897260585,0.902143738,0.922214135
0.904674454,0.914341725,0.916646166,0.896866908,0.901724635,0.921744651
0.895261228,0.906982424,0.910461465,0.887442765,0.893409837,0.911878484
0.902222742,0.912334015,0.914772046,0.893238741,0.898571531,0.918271584
0.901769142,0.912062152,0.914506987,0.89329316,0.899032027,0.918555442
0.901522351,0.91177958,0.914847233,0.893160901,0.899052724,0.918624309
0.90189495,0.911733636,0.914455015,0.892649086,0.898095168,0.917425952
0.901556129,0.911386122,0.91408913,0.892254031,0.898143115,0.91727004
0.900579305,0.910938774,0.91360163,0.891778381,0.897749537,0.916379313
0.901204555,0.911038952,0.913718048,0.891808346,0.897324225,0.916116779
0.900443845,0.910426828,0.913409333,0.890885288,0.897249373,0.916309047
0.899994382,0.910406793,0.913530602,0.891351294,0.897252822,0.916290869
0.899218506,0.909841649,0.91279606,0.890553607,0.89650637,0.915851798
0.897712252,0.908188708,0.911683853,0.889038828,0.895706453,0.915191443
0.897115265,0.907801122,0.911252137,0.888677527,0.895208013,0.914499627
0.89881523,0.908773542,0.912051124,0.889051572,0.895528118,0.914008468
0.898335779,0.908664382,0.912143288,0.889061216,0.895618148,0.914144105
0.898298553,0.908512042,0.912097899,0.888697504,0.894550211,0.913627427
0.897951805,0.908235343,0.911690436,0.887874674,0.894306683,0.913020908
0.897537499,0.908169018,0.911675884,0.887594656,0.894079712,0.912445501
0.897184546,0.907341338,0.910979456,0.88706562,0.893581272,0.912078443
0.896991525,0.907319921,0.910867542,0.886775271,0.893579203,0.911738652
0.897155937,0.907383482,0.91106469,0.88668882,0.893307734,0.911785496
0.897250724,0.907548604,0.910963518,0.886660577,0.893400523,0.911525059
0.896784372,0.907132346,0.910991583,0.885687578,0.893112498,0.910901061
0.896075019,0.906649763,0.910816956,0.885580462,0.892500918,0.910832893
0.895876483,0.906110182,0.910256695,0.884557521,0.891330533,0.910151913
0.895463556,0.905907753,0.909774392,0.884096681,0.890689633,0.909162255
0.89517816,0.905555057,0.909925111,0.884063961,0.890410921,0.90888399
0.894845888,0.90550704,0.909630255,0.883959945,0.890480599,0.908788205
0.894358165,0.905128435,0.909453203,0.883196356,0.890024587,0.908193222
0.89375911,0.904832737,0.908717276,0.883064786,0.889560987,0.907906567
0.893676042,0.904546365,0.908715197,0.882449988,0.889271237,0.907774776
0.893452345,0.903949441,0.90806589,0.881943339,0.888900425,0.90716511
0.893466821,0.903783283,0.908300458,0.881873766,0.888677249,0.907934184
0.893433387,0.904138398,0.908254029,0.881961594,0.888935609,0.907539859
0.895661058,0.90514018,0.909943128,0.882904284,0.891894167,0.907855529
0.894922752,0.905416534,0.90934718,0.882731038,0.890127035,0.909824008
0.894232012,0.905004422,0.908860026,0.881961938,0.889285034,0.908569019
0.893752561,0.904546365,0.908155629,0.881152541,0.888430961,0.907516437
0.894031408,0.904159125,0.908635159,0.881217293,0.889449226,0.906945225
0.893385132,0.904512512,0.908073166,0.881925429,0.88913326,0.908879446
0.893984187,0.903778793,0.909145527,0.880675857,0.890100819,0.90796285
0.892202533,0.903637161,0.907614077,0.88110811,0.888702084,0.909363263
0.891734457,0.903154924,0.907275565,0.880213984,0.888104647,0.907750306
0.891003045,0.902767683,0.906767622,0.879632596,0.887654844,0.907185386
0.893767727,0.901764173,0.909631988,0.878695416,0.890535445,0.906722893
0.897474077,0.908003897,0.911712611,0.885405494,0.893088697,0.911421234
0.89402934,0.907380719,0.908403017,0.884675314,0.889296762,0.911075501
0.892462077,0.903720067,0.907895767,0.880709611,0.888023931,0.907703812
0.891473878,0.903142488,0.907310906,0.879912268,0.887221943,0.906827767
0.891741695,0.902938332,0.907028523,0.879551656,0.88712329,0.906186988
0.891079219,0.902704467,0.906873992,0.879109759,0.886617607,0.905975493
0.891406666,0.90241395,0.906754109,0.879055684,0.886641063,0.905447629
0.890750049,0.901794918,0.906700058,0.878820443,0.886735577,0.905513
0.890472581,0.901970748,0.88213588,0.8786038,0.871885184,0.905358486
0.884270054,0.902295464,0.901935933,0.87593141,0.880986448,0.877526407
0.8855209,0.897108648,0.902458081,0.873081986,0.881391408,0.90178544
0.884982854,0.89635593,0.902580389,0.871829659,0.881640111,0.901582684
0.884987335,0.896876166,0.902632708,0.872853288,0.881621484,0.901590724
0.885191386,0.896005997,0.903064771,0.871524843,0.881881569,0.901339377
0.885123828,0.896365948,0.902624392,0.871824148,0.881391064,0.901263169
0.858473817,0.896252297,0.889274446,0.871809682,0.852213554,0.900818504
0.885465407,0.896764243,0.90262266,0.870955854,0.880779139,0.880102804
0.880200411,0.891989885,0.90152154,0.86614941,0.877981324,0.898478423
0.880301058,0.891777093,0.901179909,0.866009918,0.878020647,0.897973631
0.879518633,0.891518011,0.900949499,0.865955499,0.877517723,0.8977915
0.879655816,0.892187478,0.901299792,0.866323344,0.878271074,0.897320617
0.879379382,0.891809565,0.901167782,0.865590065,0.877741245,0.897796394
0.881338546,0.892154661,0.901527777,0.86605676,0.878028235,0.897236369
0.88172252,0.893546448,0.902272713,0.866898189,0.878446649,0.897242661
0.881199295,0.893027248,0.902048539,0.866350898,0.877808853,0.896907415
0.881315108,0.892517376,0.901380522,0.865857682,0.877603613,0.896734373
0.879863658,0.892060356,0.901667409,0.865780876,0.877581192,0.89645506
0.879076408,0.891301765,0.901271381,0.864752424,0.877321107,0.896508196
0.880249011,0.892250694,0.901407548,0.865303503,0.877338009,0.896456807
0.881219631,0.892561592,0.901967463,0.866033339,0.878106537,0.896091148
0.8808653,0.892300783,0.901775858,0.865268372,0.877735726,0.896970339
0.880397568,0.891724586,0.901358347,0.864775845,0.87732973,0.896494212
0.87990502,0.891676569,0.901292169,0.86480581,0.877061021,0.896263141
0.879292522,0.891400906,0.900469968,0.863939238,0.876301117,0.896228882
0.879264603,0.890878598,0.900351125,0.863122952,0.876446682,0.894988576
0.878611089,0.890457158,0.900230549,0.863119852,0.875891672,0.895171755
0.878108545,0.889937959,0.899835906,0.862028027,0.875012763,0.894723245
0.877679073,0.88961117,0.899518875,0.861121501,0.874454304,0.89393879
0.877532584,0.889245692,0.899104483,0.860743323,0.873615408,0.892657583
0.874835458,0.888171367,0.898475965,0.85994908,0.873255979,0.892258364
0.879698211,0.894886073,0.900639398,0.867096233,0.87540703,0.892571587
0.878766195,0.890449904,0.900236786,0.861628494,0.87520455,0.870033182
0.878368434,0.890038828,0.900394088,0.861241705,0.875374951,0.894521189
0.878272957,0.889956958,0.900257228,0.861237228,0.875100723,0.893791268
0.875659245,0.889209075,0.899388252,0.860939301,0.873889291,0.894265297
0.875600994,0.887915394,0.898917383,0.858993991,0.873331521,0.894324026
0.874919215,0.887767545,0.89833564,0.858967126,0.872949327,0.892479298
0.874353939,0.887108787,0.898186653,0.858118464,0.87214389,0.892606894
0.873977548,0.886734673,0.897762212,0.857987927,0.871832063,0.891952832
0.874048208,0.886249326,0.897321834,0.857038693,0.871521617,0.891730849
0.873321621,0.886302524,0.897167649,0.856689447,0.870891065,0.89121592
0.873157898,0.885674511,0.896568582,0.85666086,0.87028052,0.891010717
0.875417968,0.886699783,0.897942036,0.856528256,0.871367428,0.890643309
